City_ID,City,Country,Date,Lat,Lng,Max Temp,Humidity,Cloudiness,Wind Speed,Current Description
0,Loveland,US,2022-07-31 23:52:35,40.3978,-105.075,303.51,36,0,5.66,clear sky
1,Smithers,CA,2022-07-31 23:53:10,54.7804,-127.1743,300.33,44,20,2.57,few clouds
2,Shenjiamen,CN,2022-07-31 23:54:15,29.9576,122.298,301.82,81,100,3.63,overcast clouds
3,Busselton,AU,2022-07-31 23:50:39,-33.65,115.3333,286.99,94,90,12.69,light rain
4,Georgetown,MY,2022-07-31 23:48:00,5.4112,100.3354,300.31,87,40,4.12,thunderstorm
5,Vilcun,CL,2022-07-31 23:54:15,-38.65,-72.2333,280.56,97,96,0.54,overcast clouds
6,Hay River,CA,2022-07-31 23:54:16,60.8156,-115.7999,291.14,52,20,4.12,few clouds
7,Mirnyy,RU,2022-07-31 23:54:16,62.5353,113.9611,293.28,72,51,3.13,broken clouds
8,Ushuaia,AR,2022-07-31 23:50:40,-54.8,-68.3,276.96,93,40,3.6,scattered clouds
9,Mar Del Plata,AR,2022-07-31 23:48:44,-38.0023,-57.5575,286.16,90,0,4.47,clear sky
10,Sao Lourenco Do Sul,BR,2022-07-31 23:49:21,-31.3653,-51.9783,285.07,93,44,1.98,scattered clouds
11,Hami,CN,2022-07-31 23:54:17,42.8,93.45,301.91,27,56,2.52,broken clouds
12,Rikitea,PF,2022-07-31 23:50:41,-23.1203,-134.9692,295.57,74,100,10.35,overcast clouds
13,Faanui,PF,2022-07-31 23:54:17,-16.4833,-151.75,299.06,71,11,11.34,light rain
14,Yellowknife,CA,2022-07-31 23:48:13,62.456,-114.3525,291.44,45,40,3.09,scattered clouds
15,Port Alfred,ZA,2022-07-31 23:48:51,-33.5906,26.891,284.58,73,15,4.79,few clouds
16,Yaan,NG,2022-07-31 23:54:17,7.3833,8.5667,295.0,96,99,3.53,overcast clouds
17,Atar,MR,2022-07-31 23:56:03,20.5169,-13.0499,306.18,42,2,4.62,clear sky
18,Vaini,TO,2022-07-31 23:56:03,-21.2,-175.2,300.24,89,75,3.6,broken clouds
19,Bluff,NZ,2022-07-31 23:56:04,-46.6,168.3333,282.48,76,59,7.14,broken clouds
20,San Ramon,US,2022-07-31 23:56:04,37.7799,-121.978,301.27,62,74,2.68,broken clouds
21,Tera,NE,2022-07-31 23:56:04,14.0078,0.7531,299.61,60,100,7.19,overcast clouds
22,Pleshanovo,RU,2022-07-31 23:56:05,52.8333,53.4833,291.26,69,100,2.36,overcast clouds
23,Port Hardy,CA,2022-07-31 23:56:05,50.6996,-127.4199,295.25,68,75,5.14,fog
24,Bar Harbor,US,2022-07-31 23:56:05,44.3876,-68.2039,295.34,63,51,4.11,broken clouds
25,Henties Bay,NA,2022-07-31 23:56:06,-22.116,14.2845,285.18,75,73,2.18,broken clouds
26,Sao Filipe,CV,2022-07-31 23:56:06,14.8961,-24.4956,297.52,75,38,2.72,scattered clouds
27,Lebanon,US,2022-07-31 23:56:06,36.2081,-86.2911,302.18,83,75,3.6,broken clouds
28,Abha,SA,2022-07-31 23:56:07,18.2164,42.5053,293.05,82,0,0.0,clear sky
29,Dalvik,IS,2022-07-31 23:56:07,65.9702,-18.5286,284.11,98,100,3.35,overcast clouds
30,Northam,GB,2022-07-31 23:56:07,51.0333,-4.2167,288.37,95,18,1.46,few clouds
31,Basco,PH,2022-07-31 23:56:08,20.4487,121.9702,302.91,74,98,6.22,overcast clouds
32,Mayo,US,2022-07-31 23:56:08,38.8876,-76.5119,298.14,87,100,0.45,moderate rain
33,New Norfolk,AU,2022-07-31 23:56:08,-42.7826,147.0587,283.66,84,99,1.34,overcast clouds
34,Leh,IN,2022-07-31 23:47:40,34.1667,77.5833,288.18,58,45,2.43,scattered clouds
35,Lompoc,US,2022-07-31 23:56:09,34.6391,-120.4579,298.15,70,40,4.12,scattered clouds
36,Sembakung,ID,2022-07-31 23:56:09,3.8167,117.25,296.69,98,100,0.95,overcast clouds
37,La Reforma,MX,2022-07-31 23:56:09,25.0833,-108.05,304.2,59,75,4.49,broken clouds
38,Punta Arenas,CL,2022-07-31 23:58:08,-53.15,-70.9167,278.77,75,100,5.49,overcast clouds
39,Lagoa,PT,2022-07-31 23:58:08,39.05,-27.9833,295.63,74,0,3.04,clear sky
40,Bathsheba,BB,2022-07-31 23:58:08,13.2167,-59.5167,301.49,90,40,8.75,scattered clouds
41,Mayumba,GA,2022-07-31 23:58:09,-3.432,10.6554,294.2,96,29,2.81,scattered clouds
42,Awbari,LY,2022-07-31 23:58:09,26.5921,12.7805,301.94,17,1,5.2,clear sky
43,Bykov,RU,2022-07-31 23:58:09,47.3167,142.55,289.59,50,4,1.82,clear sky
44,Bemidji,US,2022-07-31 23:58:10,47.4736,-94.8803,295.58,89,100,5.66,overcast clouds
45,Mosquera,CO,2022-07-31 23:56:21,4.7059,-74.2302,289.2,63,75,2.57,broken clouds
46,Jamestown,US,2022-07-31 23:58:10,42.097,-79.2353,296.77,71,92,0.45,overcast clouds
47,Saint-Philippe,RE,2022-07-31 23:58:10,-21.3585,55.7679,292.16,79,61,6.43,broken clouds
48,Saskylakh,RU,2022-07-31 23:58:11,71.9167,114.0833,280.44,80,99,4.78,overcast clouds
49,Upernavik,GL,2022-07-31 23:58:11,72.7868,-56.1549,282.9,67,97,0.39,overcast clouds
50,Kaitangata,NZ,2022-07-31 23:58:10,-46.2817,169.8464,280.58,70,15,3.37,few clouds
51,Puerto Ayora,EC,2022-07-31 23:58:11,-0.7393,-90.3518,295.12,90,83,2.68,broken clouds
52,Codrington,AU,2022-07-31 23:58:12,-38.2667,141.9667,283.06,89,31,7.93,scattered clouds
53,Hobart,AU,2022-07-31 23:57:52,-42.8794,147.3294,283.85,73,75,9.26,broken clouds
54,Geraldton,AU,2022-07-31 23:58:12,-28.7667,114.6,293.38,52,100,11.32,overcast clouds
55,Esperance,AU,2022-07-31 23:58:13,-33.8667,121.9,282.95,57,5,7.68,clear sky
56,Laurel,US,2022-07-31 23:55:55,39.0993,-76.8483,296.48,94,100,0.45,moderate rain
57,Mataura,NZ,2022-07-31 23:58:13,-46.1927,168.8643,282.3,78,37,3.34,scattered clouds
58,Mahon,ES,2022-07-31 23:58:13,39.8885,4.2658,298.46,53,0,3.09,clear sky
59,Markivka,UA,2022-07-31 23:58:14,49.5229,39.5705,291.64,71,2,4.99,clear sky
60,Moranbah,AU,2022-07-31 23:58:14,-22.0016,148.0466,293.37,56,44,5.17,scattered clouds
61,Brenham,US,2022-07-31 23:55:08,30.1669,-96.3977,311.03,30,0,5.66,clear sky
62,Norman Wells,CA,2022-07-31 23:58:15,65.282,-126.8329,296.17,46,20,4.63,few clouds
63,Mbaiki,CF,2022-07-31 23:58:15,3.8678,17.9892,294.35,87,95,1.2,overcast clouds
64,Hilo,US,2022-07-31 23:55:02,19.7297,-155.09,302.75,70,24,2.68,few clouds
65,Trinidad,BO,2022-07-31 23:58:15,-14.8333,-64.9,301.14,61,20,1.54,smoke
66,Noumea,NC,2022-07-31 23:58:16,-22.2763,166.4572,296.14,99,99,6.15,overcast clouds
67,Edea,CM,2022-07-31 23:58:16,3.8,10.1333,295.16,99,87,0.45,light rain
68,Vanimo,PG,2022-07-31 23:58:16,-2.6741,141.3028,301.48,73,99,3.02,overcast clouds
69,Urumqi,CN,2022-07-31 23:56:02,43.801,87.6005,294.68,60,0,3.0,clear sky
70,Salihorsk,BY,2022-07-31 23:58:17,52.7876,27.5415,289.85,81,100,3.73,overcast clouds
71,Butaritari,KI,2022-07-31 23:58:17,3.0707,172.7902,300.6,78,62,6.05,broken clouds
72,Mangit,UZ,2022-07-31 23:58:17,40.5971,70.9607,298.6,36,89,0.38,overcast clouds
73,Barrow,US,2022-07-31 23:58:18,71.2906,-156.7887,278.62,77,51,4.42,broken clouds
74,Naze,JP,2022-07-31 23:58:18,28.3667,129.4833,300.66,84,100,9.5,overcast clouds
75,Ilulissat,GL,2022-07-31 23:58:18,69.2167,-51.1,278.11,80,38,2.49,scattered clouds
76,Kapaa,US,2022-07-31 23:57:59,22.0752,-159.319,301.59,69,81,2.68,broken clouds
77,Slatina,RO,2022-07-31 23:58:19,44.4333,24.3667,293.41,53,19,5.02,few clouds
78,Karratha,AU,2022-07-31 23:58:19,-20.7377,116.8463,295.65,66,31,1.02,scattered clouds
79,Cape Town,ZA,2022-07-31 23:57:02,-33.9258,18.4232,286.14,78,0,4.02,clear sky
80,Gigmoto,PH,2022-07-31 23:58:19,13.7796,124.39,301.8,79,100,3.25,overcast clouds
81,Bredasdorp,ZA,2022-07-31 23:58:20,-34.5322,20.0403,278.8,83,2,1.6,clear sky
82,Ponta Do Sol,PT,2022-07-31 23:58:20,32.6667,-17.1,295.38,79,2,1.09,clear sky
83,Chokurdakh,RU,2022-07-31 23:58:20,70.6333,147.9167,294.72,50,100,6.12,overcast clouds
84,Neiafu,TO,2022-07-31 23:58:21,-18.65,-173.9833,300.53,83,75,3.09,broken clouds
85,Dankov,RU,2022-07-31 23:58:21,53.2515,39.1555,288.18,61,74,3.19,broken clouds
86,Narsaq,GL,2022-07-31 23:58:21,60.9167,-46.05,281.83,84,83,1.33,broken clouds
87,Olga,RU,2022-07-31 23:58:22,43.7444,135.2892,291.52,99,100,3.53,heavy intensity rain
88,La Palma,US,2022-07-31 23:58:22,33.8464,-118.0467,309.16,55,54,3.13,broken clouds
89,Dukat,RU,2022-07-31 23:58:22,62.55,155.55,287.77,52,41,5.05,scattered clouds
90,Sinegorskiy,RU,2022-07-31 23:58:22,48.0139,40.8447,295.26,63,2,4.94,clear sky
91,Chickasha,US,2022-07-31 23:58:23,35.0526,-97.9364,307.24,43,0,5.66,clear sky
92,Beringovskiy,RU,2022-07-31 23:56:47,63.05,179.3167,283.37,62,94,2.22,overcast clouds
93,Avera,US,2022-07-31 23:54:24,33.194,-82.5271,305.88,34,6,2.77,clear sky
94,Ancud,CL,2022-07-31 23:58:23,-41.8697,-73.8203,279.39,83,100,0.58,overcast clouds
95,Thompson,CA,2022-07-31 23:58:24,55.7435,-97.8558,287.24,94,100,3.6,overcast clouds
96,East London,ZA,2022-07-31 23:58:24,-33.0153,27.9116,285.51,63,4,3.56,clear sky
97,Port Augusta,AU,2022-07-31 23:58:24,-32.5,137.7667,284.73,66,0,2.63,clear sky
98,Hearst,CA,2022-07-31 23:58:25,49.6835,-83.6665,292.29,91,86,1.02,overcast clouds
99,Ribeira Grande,PT,2022-07-31 23:58:25,38.5167,-28.7,296.45,74,17,1.73,few clouds
100,Russell,US,2022-07-31 23:58:26,32.3502,-85.1999,305.38,41,5,1.58,clear sky
101,San Cristobal,VE,2022-07-31 23:54:36,7.7669,-72.225,297.25,99,67,0.68,broken clouds
102,Tuktoyaktuk,CA,2022-07-31 23:58:01,69.4541,-133.0374,291.15,55,75,2.06,broken clouds
103,Cherskiy,RU,2022-07-31 23:58:26,68.75,161.3,294.12,38,26,8.64,scattered clouds
104,Lebu,CL,2022-07-31 23:57:54,-37.6167,-73.65,281.39,83,95,2.14,overcast clouds
105,Touros,BR,2022-07-31 23:58:27,-5.1989,-35.4608,297.82,84,45,5.65,light rain
106,Bethel,US,2022-07-31 23:57:49,41.3712,-73.414,299.37,63,88,2.75,overcast clouds
107,Albany,US,2022-07-31 23:57:32,42.6001,-73.9662,298.4,63,99,1.61,overcast clouds
108,Port Lincoln,AU,2022-07-31 23:58:27,-34.7333,135.8667,286.98,71,3,6.27,clear sky
109,Suntar,RU,2022-07-31 23:58:27,62.1444,117.6319,291.41,90,99,1.96,light rain
110,Warwick,US,2022-07-31 23:58:28,41.7001,-71.4162,300.28,67,82,3.76,broken clouds
111,Sunrise Manor,US,2022-07-31 23:58:28,36.2111,-115.0731,304.21,57,91,1.34,overcast clouds
112,Ostrovnoy,RU,2022-07-31 23:58:29,68.0531,39.5131,285.61,83,89,2.47,overcast clouds
113,Kaiyuan,CN,2022-07-31 23:58:29,23.6977,103.3037,293.47,89,83,0.63,light rain
114,Kulhudhuffushi,MV,2022-07-31 23:57:13,6.6221,73.07,298.17,85,100,16.51,moderate rain
115,Clyde River,CA,2022-07-31 23:58:29,70.4692,-68.5914,276.28,93,100,2.57,overcast clouds
116,Jos,NG,2022-07-31 23:58:30,9.9167,8.9,291.18,94,96,2.13,overcast clouds
117,Arraial Do Cabo,BR,2022-07-31 23:58:30,-22.9661,-42.0278,293.41,68,0,4.54,clear sky
118,Vila Franca Do Campo,PT,2022-07-31 23:58:30,37.7167,-25.4333,294.38,83,65,1.92,broken clouds
119,Mugumu,TZ,2022-07-31 23:58:30,-1.85,34.7,289.17,81,35,1.28,scattered clouds
120,Salinopolis,BR,2022-07-31 23:58:31,-0.6136,-47.3561,298.91,86,93,4.18,overcast clouds
121,Provideniya,RU,2022-07-31 23:58:31,64.3833,-173.3,281.21,81,0,1.0,clear sky
122,Carnarvon,AU,2022-07-31 23:58:31,-24.8667,113.6333,294.13,65,100,5.16,light rain
123,Sitka,US,2022-07-31 23:58:32,57.0531,-135.33,288.09,88,100,2.57,mist
124,Isangel,VU,2022-07-31 23:58:32,-19.55,169.2667,299.21,78,40,3.6,scattered clouds
125,Blackwater,AU,2022-07-31 23:58:32,-23.5833,148.8833,292.72,61,92,5.61,overcast clouds
126,Cheremshan,RU,2022-07-31 23:58:33,54.6667,51.5,290.72,90,96,0.99,overcast clouds
127,Mahebourg,MU,2022-07-31 23:58:33,-20.4081,57.7,293.85,83,40,4.12,scattered clouds
128,Shenkursk,RU,2022-07-31 23:58:33,62.1091,42.896,284.45,93,12,1.74,few clouds
129,Paamiut,GL,2022-07-31 23:58:34,61.994,-49.6678,280.93,88,82,2.94,broken clouds
130,Kahului,US,2022-07-31 23:55:10,20.8947,-156.47,303.13,71,18,6.71,few clouds
131,Oistins,BB,2022-07-31 23:58:34,13.0667,-59.5333,301.2,83,40,8.75,scattered clouds
132,Sistranda,NO,2022-07-31 23:58:34,63.7256,8.834,284.13,81,100,3.1,light rain
133,Mabaruma,GY,2022-07-31 23:58:35,8.2,-59.7833,297.44,88,16,1.62,few clouds
134,La Roda,ES,2022-07-31 23:58:35,39.2167,-2.15,298.65,67,22,5.97,few clouds
135,Yongan,CN,2022-07-31 23:58:35,39.6957,113.6871,297.81,59,1,1.25,clear sky
136,Phan Thiet,VN,2022-07-31 23:58:31,10.9333,108.1,299.36,88,100,2.99,overcast clouds
137,Longyearbyen,SJ,2022-07-31 23:58:36,78.2186,15.6401,283.06,76,40,5.66,scattered clouds
138,Tessalit,ML,2022-07-31 23:58:36,20.1986,1.0114,307.64,18,76,2.28,broken clouds
139,Amapa,BR,2022-07-31 23:58:36,1.0,-52.0,295.65,97,88,1.03,overcast clouds
140,Husavik,IS,2022-07-31 23:58:37,66.0449,-17.3389,278.74,92,99,4.88,overcast clouds
141,Koceljeva,RS,2022-07-31 23:58:37,44.4736,19.8117,289.47,56,33,2.32,scattered clouds
142,Atuona,PF,2022-07-31 23:58:37,-9.8,-139.0333,298.09,74,12,6.12,few clouds
143,Leningradskiy,RU,2022-07-31 23:58:38,69.3833,178.4167,283.9,63,50,3.18,scattered clouds
144,College,US,2022-07-31 23:58:38,64.8569,-147.8028,292.71,81,100,0.45,overcast clouds
145,Hobyo,SO,2022-07-31 23:58:38,5.3505,48.5268,297.11,85,0,10.44,clear sky
146,Bolobo,CD,2022-07-31 23:58:39,-2.1667,16.2333,296.73,58,19,1.65,few clouds
147,Hithadhoo,MV,2022-07-31 23:55:56,-0.6,73.0833,300.25,74,100,7.45,overcast clouds
148,Coihaique,CL,2022-07-31 23:58:39,-45.5752,-72.0662,276.49,70,100,3.09,overcast clouds
149,Alofi,NU,2022-07-31 23:58:39,-19.0595,-169.9187,301.09,69,2,7.2,clear sky
150,Avarua,CK,2022-07-31 23:58:40,-21.2078,-159.775,299.18,69,20,6.69,few clouds
151,Khorramshahr,IR,2022-07-31 23:58:40,30.4397,48.1664,306.13,79,77,4.12,broken clouds
152,Kaeo,NZ,2022-07-31 23:58:40,-35.1,173.7833,290.0,68,15,2.1,few clouds
153,Okhotsk,RU,2022-07-31 23:58:41,59.3833,143.3,287.95,87,100,3.58,overcast clouds
154,Marakkanam,IN,2022-07-31 23:58:41,12.2,79.95,301.26,77,81,4.71,broken clouds
155,Tiksi,RU,2022-07-31 23:58:41,71.6872,128.8694,278.22,94,100,7.4,light rain
156,Biltine,TD,2022-07-31 23:58:42,14.5333,20.9167,299.86,66,99,1.5,overcast clouds
157,Srednekolymsk,RU,2022-07-31 23:58:42,67.45,153.6833,296.66,35,86,6.31,overcast clouds
158,Ust-Barguzin,RU,2022-07-31 23:58:42,53.45,108.9833,288.03,94,80,1.61,broken clouds
159,Havoysund,NO,2022-07-31 23:58:35,70.9963,24.6622,287.28,86,22,3.07,few clouds
160,Harindanga,IN,2022-07-31 23:58:43,22.0383,88.3214,302.29,74,100,4.9,overcast clouds
161,Grindavik,IS,2022-07-31 23:58:43,63.8424,-22.4338,283.12,81,75,6.17,broken clouds
162,Pevek,RU,2022-07-31 23:58:43,69.7008,170.3133,282.82,62,1,5.45,clear sky
163,Qeshm,IR,2022-07-31 23:58:44,26.9581,56.2719,305.08,84,100,3.62,overcast clouds
164,Saint-Augustin,CA,2022-07-31 23:58:44,51.226,-58.6502,293.16,61,86,3.99,overcast clouds
165,Guaruja,BR,2022-07-31 23:58:44,-23.9931,-46.2564,291.03,76,1,1.45,clear sky
166,Kavieng,PG,2022-07-31 23:58:45,-2.5744,150.7967,302.37,70,93,6.45,overcast clouds
167,Cabo San Lucas,MX,2022-07-31 23:58:45,22.8909,-109.9124,302.88,79,87,1.34,overcast clouds
168,Xining,CN,2022-07-31 23:58:45,36.6167,101.7667,289.65,75,53,1.08,broken clouds
169,Hirado,JP,2022-07-31 23:58:45,33.3597,129.5531,302.25,73,24,12.97,few clouds
170,Lorengau,PG,2022-07-31 23:58:46,-2.0226,147.2712,302.66,69,100,5.58,overcast clouds
171,Nanortalik,GL,2022-07-31 23:58:46,60.1432,-45.2371,281.33,92,73,2.9,broken clouds
172,Mozarlandia,BR,2022-07-31 23:58:46,-14.7447,-50.5706,298.47,23,0,0.85,clear sky
173,Tiarei,PF,2022-07-31 23:58:47,-17.5333,-149.3333,301.16,72,46,11.27,scattered clouds
174,Sept-Iles,CA,2022-07-31 23:58:47,50.2001,-66.3821,298.15,72,75,6.17,broken clouds
175,Sexsmith,CA,2022-07-31 23:58:47,55.35,-118.786,295.79,64,75,1.54,broken clouds
176,Harper,LR,2022-07-31 23:58:48,4.375,-7.7169,297.09,80,100,5.73,overcast clouds
177,Damghan,IR,2022-07-31 23:58:48,36.1683,54.348,297.77,40,66,0.48,broken clouds
178,Ambunti,PG,2022-07-31 23:58:48,-4.2365,142.8448,301.24,77,100,0.53,overcast clouds
179,Chernyshevskiy,RU,2022-07-31 23:58:49,63.0128,112.4714,294.09,68,22,2.11,few clouds
180,Virginia Beach,US,2022-07-31 23:58:05,36.8529,-75.978,298.16,95,75,2.06,mist
181,Vestmanna,FO,2022-07-31 23:58:49,62.1564,-7.1664,281.86,88,48,6.26,light rain
182,Severo-Kurilsk,RU,2022-07-31 23:58:49,50.6789,156.125,285.49,84,96,4.76,overcast clouds
183,Aklavik,CA,2022-07-31 23:58:50,68.2191,-135.0107,292.39,44,86,1.2,overcast clouds
184,Sargatskoye,RU,2022-07-31 23:58:50,55.6101,73.4972,288.78,98,72,4.09,broken clouds
185,Quirinopolis,BR,2022-07-31 23:58:50,-18.4483,-50.4517,296.59,32,0,1.18,clear sky
186,Khatanga,RU,2022-07-31 23:58:50,71.9667,102.5,281.03,68,97,4.75,overcast clouds
187,Sturgis,US,2022-07-31 23:58:51,41.7992,-85.4192,299.86,59,0,2.57,clear sky
188,Hermanus,ZA,2022-07-31 23:58:42,-34.4187,19.2345,282.32,73,2,2.85,clear sky
189,Pisco,PE,2022-07-31 23:58:51,-13.7,-76.2167,289.18,82,100,3.09,overcast clouds
190,Taman,RU,2022-07-31 23:58:52,45.2117,36.7161,299.34,72,17,5.47,few clouds
191,Maraa,BR,2022-07-31 23:58:52,-1.8333,-65.3667,297.46,79,43,1.31,scattered clouds
192,Vao,NC,2022-07-31 23:58:37,-22.6667,167.4833,294.0,77,100,11.76,overcast clouds
193,Pak Phanang,TH,2022-07-31 23:58:52,8.3511,100.202,300.16,85,100,3.96,moderate rain
194,Vostok,RU,2022-07-31 23:58:53,46.4856,135.8833,297.45,69,100,1.43,overcast clouds
195,Nikolskoye,RU,2022-07-31 23:58:53,59.7035,30.7861,288.04,85,100,1.72,overcast clouds
196,Castro,BR,2022-07-31 23:58:53,-24.7911,-50.0119,284.85,77,0,0.85,clear sky
197,Hasaki,JP,2022-07-31 23:58:53,35.7333,140.8333,305.53,72,98,1.22,overcast clouds
198,Kodiak,US,2022-07-31 23:58:54,57.79,-152.4072,287.09,87,54,1.92,broken clouds
199,Smidovich,RU,2022-07-31 23:58:54,48.6,133.8167,297.63,88,64,2.08,broken clouds
200,Hofn,IS,2022-07-31 23:58:54,64.2539,-15.2082,284.02,61,74,5.72,broken clouds
201,Kruisfontein,ZA,2022-07-31 23:58:55,-34.0033,24.7314,280.42,79,1,3.02,clear sky
202,Bondo,CD,2022-07-31 23:58:55,3.8146,23.6866,292.9,95,75,0.39,broken clouds
203,Riohacha,CO,2022-07-31 23:58:55,11.5444,-72.9072,302.66,62,6,7.94,clear sky
204,Nuuk,GL,2022-07-31 23:58:56,64.1835,-51.7216,281.97,76,29,4.92,scattered clouds
205,Dikson,RU,2022-07-31 23:58:56,73.5069,80.5464,278.19,94,100,5.52,overcast clouds
206,High Level,CA,2022-07-31 23:58:56,58.5169,-117.136,295.21,43,75,4.12,broken clouds
207,Lang Son,VN,2022-07-31 23:57:29,21.8333,106.7333,298.86,86,11,0.49,few clouds
208,Saint-Denis,FR,2022-07-31 23:58:57,48.9167,2.3333,294.42,75,40,2.57,scattered clouds
209,Berezovyy,RU,2022-07-31 23:58:57,51.6667,135.7,298.26,69,47,1.68,scattered clouds
210,Laramie,US,2022-07-31 23:54:22,41.3114,-105.5911,298.76,35,69,1.79,broken clouds
211,Bintulu,MY,2022-07-31 23:58:58,3.1667,113.0333,297.38,100,40,1.54,scattered clouds
212,Ust-Kuyga,RU,2022-07-31 23:58:58,70.0167,135.6,294.47,68,99,2.55,overcast clouds
213,Brigg,GB,2022-07-31 23:58:58,53.552,-0.4921,289.54,93,75,1.54,broken clouds
214,Souillac,MU,2022-07-31 23:58:59,-20.5167,57.5167,293.36,83,40,4.12,scattered clouds
215,Katsuura,JP,2022-07-31 23:58:59,35.1333,140.3,303.07,73,79,2.84,broken clouds
216,Salisbury,GB,2022-07-31 23:54:45,51.0693,-1.7957,291.18,86,53,2.86,broken clouds
217,Flinders,AU,2022-07-31 23:58:59,-34.5833,150.8552,291.51,68,73,2.68,broken clouds
218,Aykhal,RU,2022-07-31 23:59:00,66.0,111.5,285.67,93,100,6.36,overcast clouds
219,Saint George,US,2022-07-31 23:54:41,37.1041,-113.5841,304.06,49,20,5.66,few clouds
220,Mount Isa,AU,2022-07-31 23:59:00,-20.7333,139.5,294.02,32,0,2.57,clear sky
221,Nizwa,OM,2022-07-31 23:59:00,22.9333,57.5333,301.53,65,88,1.04,overcast clouds
222,Mount Gambier,AU,2022-07-31 23:59:01,-37.8333,140.7667,283.89,87,50,5.9,scattered clouds
223,La Ronge,CA,2022-07-31 23:59:01,55.1001,-105.2842,294.29,40,40,6.69,scattered clouds
224,Maldonado,UY,2022-07-31 23:59:01,-34.6667,-54.9167,284.39,86,97,1.7,overcast clouds
225,Ures,MX,2022-07-31 23:59:02,29.4333,-110.4,305.28,50,99,1.79,overcast clouds
226,Yulara,AU,2022-07-31 23:59:02,-25.2406,130.9889,285.99,35,49,5.86,scattered clouds
227,Muravlenko,RU,2022-07-31 23:59:02,63.7898,74.523,283.02,71,33,4.45,scattered clouds
228,Bambous Virieux,MU,2022-07-31 23:59:03,-20.3428,57.7575,293.83,83,40,4.12,scattered clouds
229,Airai,TL,2022-07-31 23:59:03,-8.9266,125.4092,291.36,76,61,1.31,broken clouds
230,Moerai,PF,2022-07-31 23:59:03,-22.4333,-151.3333,295.97,65,34,8.82,scattered clouds
231,Sanawad,IN,2022-07-31 23:59:03,22.1833,76.0667,298.13,89,98,2.43,overcast clouds
232,Praia,CV,2022-07-31 23:59:04,14.9215,-23.5087,298.45,73,75,5.66,broken clouds
233,Chabahar,IR,2022-07-31 23:59:04,25.2919,60.643,301.38,86,96,1.84,overcast clouds
234,Rocha,UY,2022-07-31 23:55:27,-34.4833,-54.3333,282.88,78,98,2.06,overcast clouds
235,Ducheng,CN,2022-07-31 23:59:04,23.2373,111.5317,301.72,76,7,0.51,clear sky
236,Alta Floresta,BR,2022-07-31 23:59:05,-9.8756,-56.0861,298.75,36,1,1.27,clear sky
237,Poanas,MX,2022-07-31 23:59:05,25.7667,-103.6167,305.75,23,25,6.43,scattered clouds
238,Taormina,IT,2022-07-31 23:59:05,37.8536,15.2885,299.82,71,5,2.57,clear sky
239,Dhidhdhoo,MV,2022-07-31 23:59:06,6.8833,73.1,298.33,87,100,15.91,moderate rain
240,Tuatapere,NZ,2022-07-31 23:59:06,-46.1333,167.6833,281.42,84,86,3.92,overcast clouds
241,Bereda,ES,2022-07-31 23:56:12,43.2686,-7.5406,291.56,100,55,3.11,broken clouds
242,Yerofey Pavlovich,RU,2022-07-31 23:59:07,53.9667,121.9667,293.12,78,97,1.79,overcast clouds
243,Am Timan,TD,2022-07-31 23:59:07,11.0297,20.2827,295.04,95,98,2.26,overcast clouds
244,Vestmannaeyjar,IS,2022-07-31 23:59:07,63.4427,-20.2734,282.85,75,76,8.11,broken clouds
245,Romitan,UZ,2022-07-31 23:59:08,39.9343,64.3814,295.12,46,0,3.09,clear sky
246,Guerrero Negro,MX,2022-07-31 23:59:08,27.9769,-114.0611,300.89,49,26,5.89,scattered clouds
247,Cockburn Town,TC,2022-07-31 23:59:08,21.4612,-71.1419,301.13,78,40,7.2,scattered clouds
248,Malanje,AO,2022-07-31 23:59:09,-9.5402,16.341,290.04,61,0,1.24,clear sky
249,Taupo,NZ,2022-07-31 23:59:09,-38.6833,176.0833,282.74,60,14,3.54,few clouds
250,Pangnirtung,CA,2022-07-31 23:59:09,66.1451,-65.7125,282.53,80,99,0.91,overcast clouds
251,Fortuna,US,2022-07-31 23:59:10,40.5982,-124.1573,295.89,74,0,5.14,clear sky
252,Siljan,NO,2022-07-31 23:59:10,59.2884,9.71,289.43,99,100,0.63,overcast clouds
253,Arroyo,ES,2022-07-31 23:59:10,41.6096,-4.7969,295.17,55,0,4.12,clear sky
254,Skhisma,GR,2022-07-31 23:59:11,35.2667,25.7167,302.5,54,0,4.77,clear sky
255,Bilibino,RU,2022-07-31 23:59:11,68.0546,166.4372,290.86,42,67,2.47,broken clouds
256,Balao,EC,2022-07-31 23:59:11,-2.9167,-79.8167,295.14,87,42,3.65,scattered clouds
257,Dauphin,CA,2022-07-31 23:59:11,51.1494,-100.0502,294.23,68,75,2.06,broken clouds
258,Horsham,GB,2022-07-31 23:59:12,51.064,-0.3272,293.85,84,20,2.57,few clouds
259,Peniche,PT,2022-07-31 23:59:12,39.3558,-9.3811,294.31,93,0,2.41,clear sky
260,Dunedin,NZ,2022-07-31 23:59:12,-45.8742,170.5036,282.11,60,4,1.63,clear sky
261,Catuday,PH,2022-07-31 23:59:13,16.2923,119.8062,299.8,80,100,5.71,overcast clouds
262,Salalah,OM,2022-07-31 23:59:13,17.0151,54.0924,297.35,94,85,4.16,overcast clouds
263,Luderitz,NA,2022-07-31 23:59:11,-26.6481,15.1594,287.72,51,0,3.57,clear sky
264,Rio Hondo,GT,2022-07-31 23:59:14,15.0667,-89.5833,301.74,54,100,5.14,overcast clouds
265,Chapais,CA,2022-07-31 23:59:14,49.7834,-74.8492,297.03,68,98,1.83,overcast clouds
266,Constantine,DZ,2022-07-31 23:59:14,36.365,6.6147,298.82,36,0,1.54,clear sky
267,Akyab,MM,2022-07-31 23:59:14,20.15,92.9,301.41,79,100,0.91,overcast clouds
268,Ormara,PK,2022-07-31 23:59:15,25.2088,64.6357,300.92,85,100,6.7,overcast clouds
269,Lata,PT,2022-07-31 23:59:15,40.1629,-8.3327,294.32,58,0,1.25,clear sky
270,Tuban,ID,2022-07-31 23:59:15,-6.8976,112.0649,297.65,82,95,2.18,overcast clouds
271,Bonthe,SL,2022-07-31 23:59:16,7.5264,-12.505,297.71,83,100,4.4,light rain
272,Xai-Xai,MZ,2022-07-31 23:59:16,-25.0519,33.6442,293.66,80,45,8.01,light rain
273,Prince Rupert,CA,2022-07-31 23:58:21,54.3161,-130.3201,288.2,94,100,3.09,overcast clouds
274,Port Shepstone,ZA,2022-07-31 23:59:16,-30.7414,30.455,286.97,67,21,4.37,few clouds
275,Miquelon,PM,2022-07-31 23:59:17,47.0975,-56.3814,291.15,89,1,9.19,clear sky
276,Tashla,RU,2022-07-31 23:59:17,51.7716,52.7427,291.91,65,89,3.07,overcast clouds
277,Torbay,CA,2022-07-31 23:59:17,47.6666,-52.7314,294.58,78,20,8.75,few clouds
278,Vila Velha,BR,2022-07-31 23:59:18,-20.3297,-40.2925,295.12,84,100,1.54,overcast clouds
279,Ayan,RU,2022-07-31 23:59:18,56.45,138.1667,287.31,95,100,3.82,overcast clouds
280,Eberndorf,AT,2022-07-31 23:59:18,46.5914,14.6436,292.91,73,75,0.83,broken clouds
281,Constitucion,CL,2022-07-31 23:59:19,-35.3333,-72.4167,282.66,90,66,2.15,broken clouds
282,Port Hedland,AU,2022-07-31 23:57:57,-20.3167,118.5667,291.18,63,25,2.57,scattered clouds
283,Egvekinot,RU,2022-07-31 23:59:19,66.3167,-179.1667,285.52,49,37,2.19,scattered clouds
284,Comodoro Rivadavia,AR,2022-07-31 23:59:19,-45.8667,-67.5,278.07,48,0,1.54,clear sky
285,Port Arthur,CN,2022-07-31 23:59:20,38.8,121.2667,299.27,86,3,2.18,clear sky
286,Turayf,SA,2022-07-31 23:59:20,31.6725,38.6637,300.29,50,0,6.17,clear sky
287,Logrono,ES,2022-07-31 23:59:20,42.4667,-2.45,292.87,77,0,2.06,clear sky
288,Malindi,KE,2022-07-31 23:59:15,-3.2175,40.1191,296.78,80,0,6.61,clear sky
289,Yar-Sale,RU,2022-07-31 23:59:21,66.8333,70.8333,282.36,75,13,2.73,few clouds
290,Tabou,CI,2022-07-31 23:59:21,4.423,-7.3528,297.1,79,98,5.58,overcast clouds
291,Hamilton,US,2022-07-31 23:46:14,39.1834,-84.5333,299.12,77,0,2.57,clear sky
292,Melfi,IT,2022-07-31 23:59:21,40.9965,15.6514,292.38,48,0,2.08,clear sky
293,Labuhan,ID,2022-07-31 23:59:22,-6.8844,112.2051,297.75,82,94,2.41,overcast clouds
294,Akividu,IN,2022-07-31 23:59:22,16.6,81.3833,300.0,84,100,0.83,overcast clouds
295,Berlevag,NO,2022-07-31 23:59:22,70.8578,29.0864,287.04,94,71,0.9,broken clouds
296,Santa Cruz,BO,2022-07-31 23:59:23,-17.8,-63.1667,298.18,57,40,6.17,scattered clouds
297,Cidreira,BR,2022-07-31 23:59:23,-30.1811,-50.2056,288.11,88,88,4.42,overcast clouds
298,Portland,US,2022-07-31 23:50:17,45.5234,-122.6762,312.33,31,40,3.6,scattered clouds
299,Verkhnyaya Inta,RU,2022-07-31 23:59:24,65.9811,60.3094,285.83,66,11,4.26,few clouds
300,Jalu,LY,2022-07-31 23:59:24,29.0331,21.5482,300.57,57,0,7.39,clear sky
301,Biloela,AU,2022-07-31 23:59:24,-24.4167,150.5,290.79,68,100,2.38,overcast clouds
302,Tiznit,MA,2022-07-31 23:59:25,29.5833,-9.5,302.26,32,16,1.14,few clouds
303,Makubetsu,JP,2022-07-31 23:59:25,45.3714,141.8211,290.99,88,75,9.26,mist
304,Mumford,GH,2022-07-31 23:59:25,5.2618,-0.759,296.26,85,97,6.18,overcast clouds
305,Aguimes,ES,2022-07-31 23:59:25,27.9054,-15.4461,294.5,78,20,12.86,few clouds
306,Formosa,AR,2022-07-31 23:59:26,-26.1775,-58.1781,291.14,63,0,2.06,clear sky
307,Puerto Narino,CO,2022-07-31 23:59:26,-3.7703,-70.3831,298.02,85,99,0.14,overcast clouds
308,Manthani,IN,2022-07-31 23:59:26,18.65,79.6667,299.77,83,100,0.23,light rain
309,Richards Bay,ZA,2022-07-31 23:59:27,-28.783,32.0377,289.63,73,100,4.21,light rain
310,Iquitos,PE,2022-07-31 23:59:27,-3.7481,-73.2472,301.17,83,75,2.06,broken clouds
311,Prado,BR,2022-07-31 23:59:27,-17.3411,-39.2208,294.6,91,65,3.49,broken clouds
312,Osinki,RU,2022-07-31 23:59:28,52.8432,49.5132,289.41,92,28,2.46,scattered clouds
313,Do Gonbadan,IR,2022-07-31 23:59:28,30.3586,50.7981,300.2,78,40,0.0,scattered clouds
314,Aripuana,BR,2022-07-31 23:58:21,-9.1667,-60.6333,298.88,43,3,0.5,clear sky
315,Kirakira,SB,2022-07-31 23:59:28,-10.4544,161.9205,302.01,73,25,5.45,scattered clouds
316,Barcelos,PT,2022-07-31 23:59:29,41.5388,-8.6151,299.18,62,0,1.38,clear sky
317,Waingapu,ID,2022-07-31 23:57:33,-9.6567,120.2641,298.67,77,29,3.51,scattered clouds
318,Sucua,EC,2022-07-31 23:59:29,-2.4667,-78.1667,299.56,61,40,3.09,light rain
319,Pervomayskoye,RU,2022-07-31 23:59:29,43.919,46.7102,294.92,82,0,3.36,clear sky
320,Calvia,ES,2022-07-31 23:59:30,39.5657,2.5062,300.32,57,0,1.19,clear sky
321,Genhe,CN,2022-07-31 23:59:30,50.7833,121.5167,293.45,79,31,1.29,scattered clouds
322,Great Yarmouth,GB,2022-07-31 23:59:30,52.6083,1.7305,290.62,92,50,4.26,scattered clouds
323,Cayenne,GF,2022-07-31 23:56:02,4.9333,-52.3333,300.98,1,20,0.0,few clouds
324,Lobito,AO,2022-07-31 23:59:31,-12.3481,13.5456,291.61,86,6,2.86,clear sky
325,Nantucket,US,2022-07-31 23:51:56,41.2835,-70.0995,299.21,73,0,4.12,clear sky
326,Askiz,RU,2022-07-31 23:59:31,53.1319,90.5264,290.97,72,55,2.3,broken clouds
327,Kupang,ID,2022-07-31 23:55:51,-10.1667,123.5833,299.36,70,32,2.66,scattered clouds
328,Novopokrovka,UA,2022-07-31 23:59:32,49.8425,36.5477,290.73,58,5,4.2,clear sky
329,Fort Nelson,CA,2022-07-31 23:59:32,58.8053,-122.7002,294.92,60,75,4.12,broken clouds
330,Praxedis Guerrero,MX,2022-07-31 23:59:32,31.3667,-106.0167,309.1,16,24,2.39,few clouds
331,Kumluca,TR,2022-07-31 23:59:33,36.3703,30.2869,301.98,49,0,1.57,clear sky
332,Port Elizabeth,ZA,2022-07-31 23:58:30,-33.918,25.5701,282.31,85,0,3.6,clear sky
333,Varhaug,NO,2022-07-31 23:59:33,58.6147,5.6457,285.08,76,3,8.4,clear sky
334,Buluang,PH,2022-07-31 23:59:33,13.3068,123.3425,300.84,82,100,1.24,overcast clouds
335,Ossora,RU,2022-07-31 23:59:34,59.2353,163.0719,287.5,74,50,5.03,scattered clouds
336,Lazaro Cardenas,MX,2022-07-31 23:59:34,17.9583,-102.2,302.49,70,69,4.16,broken clouds
337,Mastic Beach,US,2022-07-31 23:59:34,40.7668,-72.8521,299.14,80,100,4.02,overcast clouds
338,Cadca,SK,2022-07-31 23:59:35,49.435,18.789,286.99,94,18,0.98,few clouds
339,Batagay-Alyta,RU,2022-07-31 23:59:35,67.8006,130.4114,295.96,49,100,7.1,overcast clouds
340,Geaca,RO,2022-07-31 23:59:35,46.8667,24.1,290.58,91,100,0.53,light rain
341,Griffith,US,2022-07-31 23:59:36,41.5284,-87.4237,301.64,59,0,5.66,clear sky
342,Shihezi,CN,2022-07-31 23:59:36,44.3,86.0333,297.27,49,98,1.12,overcast clouds
343,Loandjili,CG,2022-07-31 23:59:36,-4.7561,11.8578,294.11,93,0,3.31,clear sky
344,Ballina,AU,2022-07-31 23:57:44,-28.8667,153.5667,289.14,95,100,3.9,overcast clouds
345,Labuan,MY,2022-07-31 23:59:37,5.2767,115.2417,298.35,94,20,1.03,few clouds
346,Rundu,NA,2022-07-31 23:59:37,-17.9333,19.7667,287.04,29,2,2.53,clear sky
347,Concordia,AR,2022-07-31 23:59:37,-31.393,-58.0209,288.03,76,0,0.45,clear sky
348,Chuy,UY,2022-07-31 23:59:38,-33.6971,-53.4616,282.12,81,95,2.39,overcast clouds
349,Nouakchott,MR,2022-07-31 23:59:38,18.0858,-15.9785,301.11,82,31,5.42,scattered clouds
350,Kashi,CN,2022-07-31 23:59:38,39.4547,75.9797,294.71,43,75,4.0,broken clouds
351,Bubaque,GW,2022-07-31 23:59:38,11.2833,-15.8333,299.48,77,98,6.84,overcast clouds
352,Sal Rei,CV,2022-07-31 23:59:39,16.1833,-22.9167,298.0,73,32,4.98,scattered clouds
353,Missoula,US,2022-07-31 23:58:07,47.0166,-113.8009,305.73,18,0,5.99,clear sky
354,Iqaluit,CA,2022-07-31 23:58:41,63.7506,-68.5145,283.54,76,75,4.92,broken clouds
355,Mineiros,BR,2022-07-31 23:59:39,-17.5694,-52.5511,294.04,29,0,1.3,clear sky
356,Talnakh,RU,2022-07-31 23:59:40,69.4865,88.3972,280.49,64,16,7.51,few clouds
357,Leeton,AU,2022-07-31 23:59:40,-34.5667,146.4,281.42,100,100,2.57,overcast clouds
358,Sobolevo,RU,2022-07-31 23:59:40,54.4299,31.8996,288.33,68,100,3.42,overcast clouds
359,Verkhnevilyuysk,RU,2022-07-31 23:59:41,63.4453,120.3167,292.16,90,100,1.3,light rain
360,Dingle,PH,2022-07-31 23:59:41,10.9995,122.6711,300.02,79,100,0.23,overcast clouds
361,Guadalupe Victoria,MX,2022-07-31 23:59:41,32.2869,-115.105,314.79,25,22,7.05,few clouds
362,Sao Joao Da Barra,BR,2022-07-31 23:59:42,-21.6403,-41.0511,292.83,72,2,2.74,clear sky
363,Shumskiy,RU,2022-07-31 23:59:42,54.8318,99.1328,292.51,77,62,1.22,broken clouds
364,Letlhakane,BW,2022-07-31 23:59:42,-21.4167,25.5833,288.31,23,3,4.97,clear sky
365,Jiujiang,CN,2022-07-31 23:59:42,29.7333,115.9833,301.96,70,2,0.88,clear sky
366,Tahe,CN,2022-07-31 23:59:43,52.3333,124.7333,295.56,70,74,2.05,broken clouds
367,Vega De Alatorre,MX,2022-07-31 23:59:43,20.0333,-96.6333,301.15,71,56,1.6,broken clouds
368,Sorong,ID,2022-07-31 23:59:43,-0.8833,131.25,299.53,83,77,1.81,broken clouds
369,Udachnyy,RU,2022-07-31 23:54:48,66.4167,112.4,286.18,93,100,7.7,overcast clouds
370,Padang,ID,2022-07-31 23:55:40,-0.9492,100.3543,297.18,85,100,1.69,overcast clouds
371,Emporia,US,2022-07-31 23:59:44,38.4039,-96.1817,305.67,54,54,3.37,broken clouds
372,Humaita,BR,2022-07-31 23:59:44,-7.5061,-63.0208,302.62,40,45,0.66,scattered clouds
373,Daru,PG,2022-07-31 23:59:44,-9.0763,143.2092,299.29,88,66,4.95,broken clouds
374,Harer,ET,2022-07-31 23:59:45,9.3094,42.1258,287.82,89,97,5.58,overcast clouds
375,Santa Maria,BR,2022-07-31 23:59:45,-29.6842,-53.8069,283.76,100,1,0.0,fog
376,Sawtell,AU,2022-07-31 23:59:45,-30.3833,153.1,289.16,67,93,7.72,moderate rain
377,Belen,TR,2022-07-31 23:59:46,36.4891,36.2233,293.09,91,2,2.96,clear sky
378,Maarianhamina,AX,2022-07-31 23:59:46,60.0973,19.9348,288.07,100,77,2.06,broken clouds
379,Havre,FR,2022-07-31 23:59:47,49.5833,0.3333,292.02,88,100,5.14,overcast clouds
380,Yumen,CN,2022-07-31 23:59:47,40.2833,97.2,296.44,34,22,4.82,few clouds
381,Bukachacha,RU,2022-07-31 23:59:47,52.9833,116.9167,291.81,70,60,1.17,broken clouds
382,Tasiilaq,GL,2022-07-31 23:59:48,65.6145,-37.6368,277.38,51,45,2.33,scattered clouds
383,Bengkulu,ID,2022-07-31 23:59:48,-3.8004,102.2655,297.35,86,79,1.83,broken clouds
384,Saint-Pierre,RE,2022-07-31 23:59:48,-21.3393,55.4781,293.1,68,0,2.57,clear sky
385,Belaya Gora,RU,2022-07-31 23:59:49,68.5333,146.4167,298.66,35,88,5.44,overcast clouds
386,San Quintin,MX,2022-07-31 23:59:49,30.4833,-115.95,297.24,62,23,4.84,few clouds
387,Shimoda,JP,2022-07-31 23:59:49,34.6667,138.95,305.43,74,81,4.77,broken clouds
388,Wenling,CN,2022-07-31 23:59:50,28.3669,121.36,302.43,77,91,1.03,overcast clouds
389,Zambezi,ZM,2022-07-31 23:56:55,-13.5432,23.1047,286.8,29,0,2.4,clear sky
390,Totton,GB,2022-07-31 23:59:50,50.9188,-1.4904,292.58,80,56,0.89,broken clouds
391,Myingyan,MM,2022-07-31 23:59:50,21.4667,95.3833,301.38,73,99,4.32,overcast clouds
392,Bulgan,MN,2022-07-31 23:59:51,48.8125,103.5347,291.99,61,61,0.78,broken clouds
393,Tongchuan,CN,2022-07-31 23:59:51,35.0806,109.0897,296.66,78,1,3.13,clear sky
394,Middelburg,ZA,2022-07-31 23:59:51,-25.7751,29.4648,284.46,73,79,4.57,broken clouds
395,Norfolk,US,2022-07-31 23:59:51,42.1668,-71.2495,300.89,57,76,0.45,broken clouds
396,Broken Hill,AU,2022-07-31 23:59:52,-31.95,141.4333,283.7,57,0,3.24,clear sky
397,Vila Do Maio,CV,2022-07-31 23:59:52,15.1333,-23.2167,298.59,76,33,5.62,scattered clouds
398,Arteaga,MX,2022-07-31 23:59:52,18.4667,-102.4167,295.57,86,97,0.96,overcast clouds
399,Simav,TR,2022-07-31 23:59:53,39.0882,28.9777,290.73,86,0,3.05,clear sky
400,Saldanha,ZA,2022-07-31 23:59:53,-33.0117,17.9442,279.18,79,0,5.88,clear sky
401,Greensburg,US,2022-07-31 23:55:06,40.3015,-79.5389,294.6,94,75,0.0,broken clouds
402,Jurm,AF,2022-07-31 23:59:53,36.8648,70.8342,290.87,57,67,1.38,broken clouds
403,Maningrida,AU,2022-07-31 23:59:54,-12.0667,134.2667,299.05,57,73,4.0,broken clouds
404,Corrientes,AR,2022-07-31 23:56:52,-27.4806,-58.8341,290.38,68,5,1.34,clear sky
405,Rupert,US,2022-07-31 23:59:54,42.6191,-113.6772,311.35,6,49,3.07,scattered clouds
406,Guanica,PR,2022-07-31 23:59:54,17.9716,-66.908,302.87,79,5,5.03,clear sky
407,Port Blair,IN,2022-07-31 23:59:55,11.6667,92.75,299.17,94,40,1.03,mist
408,Balad,IQ,2022-07-31 23:59:55,34.0164,44.1453,307.51,11,0,3.09,clear sky
409,Ishurdi,BD,2022-07-31 23:59:55,24.1333,89.0833,300.21,88,100,2.87,overcast clouds
410,Thinadhoo,MV,2022-07-31 23:59:56,0.5333,72.9333,300.47,73,100,7.67,overcast clouds
411,Nome,US,2022-07-31 23:55:45,64.5011,-165.4064,288.24,78,91,4.05,overcast clouds
412,Labytnangi,RU,2022-07-31 23:59:56,66.6572,66.4183,283.61,77,21,2.54,few clouds
413,Sipoo,FI,2022-07-31 23:59:57,60.3775,25.2691,288.24,91,16,1.03,fog
414,Asfi,MA,2022-07-31 23:59:57,32.2994,-9.2372,297.2,83,18,4.73,few clouds
415,Puerto Escondido,MX,2022-07-31 23:59:57,15.85,-97.0667,301.97,76,21,2.15,few clouds
416,Komsomolskiy,UZ,2022-07-31 23:59:57,40.4272,71.7189,298.55,36,99,1.03,overcast clouds
417,Maniwaki,CA,2022-07-31 23:59:58,46.3834,-75.966,300.36,44,29,3.09,scattered clouds
418,Nanning,CN,2022-07-31 23:59:58,22.8167,108.3167,299.4,80,3,3.03,clear sky
419,Petrolina De Goias,BR,2022-07-31 23:59:59,-16.095,-49.3381,293.76,32,1,1.01,clear sky
420,Novovarshavka,RU,2022-07-31 23:59:59,54.1721,74.6946,289.67,96,15,4.28,few clouds
421,Acarau,BR,2022-07-31 23:59:59,-2.8856,-40.12,299.15,82,11,6.63,few clouds
422,Victoria,HK,2022-07-31 23:59:20,22.2855,114.1577,304.8,77,19,0.45,few clouds
423,Lasa,IT,2022-08-01 00:00:00,46.6166,10.7002,288.91,88,3,2.0,clear sky
424,New Haven,US,2022-08-01 00:00:00,41.4001,-72.9329,299.99,56,78,0.45,broken clouds
425,Coihueco,CL,2022-08-01 00:00:00,-36.6167,-71.8333,283.56,82,75,2.57,broken clouds
426,Baykit,RU,2022-08-01 00:00:01,61.67,96.37,289.53,88,89,1.51,overcast clouds
427,Belyye Berega,RU,2022-08-01 00:00:01,53.2085,34.6641,290.25,72,100,2.39,overcast clouds
428,Kingsport,US,2022-07-31 23:58:27,36.5484,-82.5618,298.88,89,100,1.34,overcast clouds
429,Hirara,JP,2022-08-01 00:00:02,24.8,125.2833,300.85,83,100,4.67,moderate rain
430,Tura,IN,2022-07-31 23:58:07,25.5198,90.2201,296.27,99,100,2.62,light rain
431,Yarmouth,US,2022-08-01 00:00:03,41.7057,-70.2286,297.58,79,70,2.68,broken clouds
432,Kissidougou,GN,2022-08-01 00:00:03,9.1848,-10.0999,293.5,99,88,2.59,moderate rain
433,Ewa Beach,US,2022-08-01 00:00:04,21.3156,-158.0072,301.26,59,9,9.07,clear sky
434,Barlinek,PL,2022-08-01 00:00:05,52.9946,15.2186,293.79,54,84,2.79,broken clouds
435,Vagay,RU,2022-08-01 00:00:06,57.9375,69.0217,285.62,80,85,3.28,overcast clouds
436,Shilka,RU,2022-08-01 00:00:07,51.85,116.0333,293.88,60,52,2.23,broken clouds
437,Dudinka,RU,2022-08-01 00:00:07,69.4058,86.1778,280.72,70,54,8.01,broken clouds
438,Pindiga,NG,2022-08-01 00:00:08,9.9833,10.9333,294.82,91,93,3.04,light rain
439,Mana,GF,2022-08-01 00:00:08,5.6592,-53.7767,298.76,85,44,2.66,scattered clouds
440,Saquarema,BR,2022-08-01 00:00:09,-22.92,-42.5103,291.2,75,0,3.7,clear sky
441,Korla,CN,2022-08-01 00:00:09,41.7597,86.1469,297.49,46,52,5.77,broken clouds
442,Mongu,ZM,2022-08-01 00:00:09,-15.2484,23.1274,287.29,28,0,2.51,clear sky
443,Te Anau,NZ,2022-08-01 00:00:10,-45.4167,167.7167,279.53,95,86,3.12,light rain
444,Kembe,CF,2022-08-01 00:00:10,4.6228,21.8865,294.3,85,99,0.97,overcast clouds
445,Vardo,NO,2022-08-01 00:00:11,70.3705,31.1107,284.14,93,100,1.03,fog
446,Jinji,CN,2022-08-01 00:00:11,23.2281,110.8261,301.22,78,0,1.11,clear sky
447,Kurilsk,RU,2022-08-01 00:00:11,45.2333,147.8833,287.3,74,26,2.68,scattered clouds
448,Tonota,BW,2022-08-01 00:00:12,-21.4833,27.4833,287.5,23,3,3.29,clear sky
449,Marzuq,YE,2022-07-31 23:59:35,14.4,46.4667,298.09,62,2,7.41,clear sky
450,Nchelenge,ZM,2022-08-01 00:00:13,-9.3451,28.734,291.81,48,0,2.74,clear sky
451,Yaya,RU,2022-08-01 00:00:13,56.206,86.44,289.84,96,69,1.13,broken clouds
452,Tutoia,BR,2022-08-01 00:00:14,-2.7619,-42.2744,298.13,89,73,4.62,moderate rain
453,Mehamn,NO,2022-08-01 00:00:15,71.0357,27.8492,286.12,94,75,1.54,broken clouds
454,Filadelfia,US,2022-08-01 00:00:04,39.9523,-75.1638,301.53,62,100,2.68,overcast clouds
455,Kayalpattinam,IN,2022-08-01 00:00:16,8.5667,78.1167,300.59,75,100,1.69,overcast clouds
456,Takoradi,GH,2022-07-31 23:59:44,4.8845,-1.7554,296.32,84,77,5.53,broken clouds
457,Dobrin,RO,2022-08-01 00:00:16,47.2833,23.1333,289.68,83,96,1.53,overcast clouds
458,Itacare,BR,2022-08-01 00:00:17,-14.2775,-38.9967,296.28,86,0,3.39,clear sky
459,Kuytun,RU,2022-08-01 00:00:18,54.3419,101.5036,291.42,80,48,2.38,scattered clouds
460,Mora,CM,2022-08-01 00:00:18,11.0461,14.1401,299.42,67,100,1.52,overcast clouds
461,Lerwick,GB,2022-08-01 00:00:19,60.1545,-1.1494,285.15,83,49,4.39,scattered clouds
462,Saint-Joseph,RE,2022-08-01 00:00:19,-21.3667,55.6167,291.6,78,35,4.6,scattered clouds
463,San,ML,2022-08-01 00:00:19,13.3034,-4.8956,301.89,56,91,3.71,overcast clouds
464,Itarema,BR,2022-08-01 00:00:20,-2.9248,-39.9167,299.1,82,5,6.31,clear sky
465,Fuente De Oro,CO,2022-08-01 00:00:20,3.4594,-73.6128,295.91,94,84,1.4,broken clouds
466,Pagudpud,PH,2022-08-01 00:00:20,18.5616,120.7868,301.76,76,100,2.88,overcast clouds
467,Parrita,CR,2022-08-01 00:00:21,9.5201,-84.3225,299.56,87,89,1.47,overcast clouds
468,Cuamba,MZ,2022-08-01 00:00:21,-14.8031,36.5372,290.24,66,19,0.78,few clouds
469,Mercedes,AR,2022-08-01 00:00:21,-34.6515,-59.4307,285.39,74,1,2.72,clear sky
470,Madimba,TZ,2022-08-01 00:00:22,-10.4,40.3333,293.52,89,16,2.69,few clouds
471,Bata,GQ,2022-08-01 00:00:22,1.8639,9.7658,296.88,87,49,3.43,scattered clouds
472,Boende,CD,2022-08-01 00:00:22,-0.2167,20.8667,295.91,78,93,0.82,overcast clouds
473,Ahuimanu,US,2022-08-01 00:00:23,21.4447,-157.8378,301.13,63,16,4.02,few clouds
474,Cabinda,AO,2022-08-01 00:00:23,-5.55,12.2,294.06,92,1,3.54,clear sky
475,Quatre Cocos,MU,2022-07-31 23:55:35,-20.2078,57.7625,293.76,70,14,6.18,few clouds
476,Maniitsoq,GL,2022-08-01 00:00:23,65.4167,-52.9,278.84,90,64,3.11,broken clouds
477,Idil,TR,2022-08-01 00:00:24,37.3411,41.8895,302.25,15,0,0.66,clear sky
478,Kavaratti,IN,2022-08-01 00:00:24,10.5669,72.642,299.82,81,100,10.59,overcast clouds
479,Chumikan,RU,2022-08-01 00:00:25,54.7183,135.315,285.2,98,100,3.12,light rain
480,Keti Bandar,PK,2022-08-01 00:00:25,24.1447,67.4497,300.85,84,84,9.58,broken clouds
481,Ugoofaaru,MV,2022-08-01 00:00:25,5.6667,73.0,298.22,87,100,15.46,overcast clouds
482,Churapcha,RU,2022-08-01 00:00:26,62.0025,132.4325,299.6,46,84,4.94,broken clouds
483,Uberaba,BR,2022-08-01 00:00:26,-19.7483,-47.9319,293.38,36,8,0.86,clear sky
484,Lukovetskiy,RU,2022-08-01 00:00:27,64.2956,41.9211,285.47,90,100,0.53,overcast clouds
485,Skjervoy,NO,2022-08-01 00:00:27,70.0311,20.9714,287.15,73,100,1.45,overcast clouds
486,Half Moon Bay,US,2022-08-01 00:00:28,37.4636,-122.4286,301.22,76,75,4.12,broken clouds
487,Batagay,RU,2022-08-01 00:00:28,67.6333,134.6333,297.98,52,100,4.05,overcast clouds
488,Seoul,KR,2022-07-31 23:58:11,37.5683,126.9778,299.93,92,100,2.57,overcast clouds
489,Camopi,GF,2022-08-01 00:00:29,3.1655,-52.3158,295.56,98,62,0.93,broken clouds
490,Inongo,CD,2022-08-01 00:00:29,-1.95,18.2667,295.76,62,89,2.12,overcast clouds
491,Westport,US,2022-08-01 00:00:29,41.1415,-73.3579,299.74,64,96,3.58,overcast clouds
492,Antalaha,MG,2022-08-01 00:00:30,-14.9003,50.2788,292.12,91,32,2.42,scattered clouds
493,Kasongo-Lunda,CD,2022-08-01 00:00:30,-6.4667,16.8167,295.07,45,11,1.15,few clouds
494,Ulaanbaatar,MN,2022-08-01 00:00:13,47.9077,106.8832,291.99,58,54,1.13,broken clouds
495,Jiuquan,CN,2022-08-01 00:00:31,39.7432,98.5174,296.54,35,47,2.91,scattered clouds
496,Cotonou,BJ,2022-08-01 00:00:31,6.3654,2.4183,297.51,80,100,7.92,overcast clouds
497,Bushehr,IR,2022-08-01 00:00:32,28.9684,50.8385,306.77,61,100,3.54,overcast clouds
498,Luau,AO,2022-08-01 00:00:32,-10.7073,22.2247,290.19,29,0,1.93,clear sky
499,Caucaia,BR,2022-08-01 00:00:32,-3.7361,-38.6531,299.84,79,7,3.64,clear sky
500,Cairns,AU,2022-08-01 00:00:33,-16.9167,145.7667,298.19,82,100,3.6,overcast clouds
501,Khani,GE,2022-08-01 00:00:33,41.9563,42.9566,288.91,79,33,2.04,scattered clouds
502,Mongoumba,CF,2022-08-01 00:00:33,3.6415,18.5936,293.85,91,89,0.8,overcast clouds
503,Neustrelitz,DE,2022-08-01 00:00:34,53.3667,13.0833,289.34,95,100,1.68,overcast clouds
504,Tralee,IE,2022-08-01 00:00:34,52.2704,-9.7026,285.9,82,98,1.43,overcast clouds
505,Ternate,ID,2022-08-01 00:00:35,0.8,127.4,300.47,78,100,1.5,overcast clouds
506,Mulege,MX,2022-08-01 00:00:35,26.8833,-111.9833,303.53,64,51,0.94,broken clouds
507,Makakilo City,US,2022-07-31 23:55:37,21.3469,-158.0858,302.01,52,75,5.14,broken clouds
508,Banda Aceh,ID,2022-08-01 00:00:35,5.5577,95.3222,299.75,77,100,4.12,overcast clouds
509,Ivanteyevka,RU,2022-08-01 00:00:36,55.9711,37.9208,290.56,78,83,1.9,broken clouds
510,Eirunepe,BR,2022-08-01 00:00:36,-6.6603,-69.8736,299.14,70,96,0.57,overcast clouds
511,Lake Wales,US,2022-08-01 00:00:14,27.9014,-81.5859,305.09,64,75,4.12,broken clouds
512,Sinnamary,GF,2022-08-01 00:00:37,5.3833,-52.95,299.05,85,55,2.85,broken clouds
513,Singapore,SG,2022-07-31 23:49:56,1.2897,103.8501,300.17,94,75,0.51,broken clouds
514,Atambua,ID,2022-07-31 23:57:18,-9.1061,124.8925,297.64,74,51,1.31,broken clouds
515,Pafos,CY,2022-07-31 23:56:50,34.7667,32.4167,298.03,83,0,2.06,clear sky
516,Malysheva,RU,2022-08-01 00:00:37,57.1185,61.4035,287.63,98,55,3.09,light rain
517,Kijang,KR,2022-08-01 00:00:38,35.2442,129.2139,299.82,91,100,2.93,overcast clouds
518,Ust-Maya,RU,2022-08-01 00:00:38,60.4167,134.5333,300.23,51,49,4.5,scattered clouds
519,Ovalle,CL,2022-08-01 00:00:38,-30.5983,-71.2003,288.06,73,86,1.04,overcast clouds
520,Biak,ID,2022-08-01 00:00:39,-0.9131,122.8766,298.47,83,100,1.76,overcast clouds
521,Petropavlovskoye,RU,2022-08-01 00:00:39,52.0712,84.107,290.83,81,98,2.68,overcast clouds
522,Porto Novo,BJ,2022-08-01 00:00:40,6.4965,2.6036,297.12,80,100,5.38,overcast clouds
523,Havre-Saint-Pierre,CA,2022-08-01 00:00:40,50.2334,-63.5986,289.12,80,82,7.02,broken clouds
524,Klaksvik,FO,2022-08-01 00:00:40,62.2266,-6.589,283.37,84,32,6.09,scattered clouds
525,Mackay,AU,2022-08-01 00:00:41,-21.15,149.2,296.31,74,60,3.81,broken clouds
526,Coruripe,BR,2022-08-01 00:00:07,-10.1256,-36.1756,296.17,87,13,4.13,few clouds
527,Auki,SB,2022-08-01 00:00:41,-8.7676,160.7034,302.65,65,10,2.52,clear sky
528,Waddan,LY,2022-08-01 00:00:41,29.1614,16.139,299.92,42,0,1.94,clear sky
529,La Tuque,CA,2022-07-31 23:55:57,47.4334,-72.7824,300.29,44,26,2.57,scattered clouds
530,Bafoulabe,ML,2022-08-01 00:00:42,13.8065,-10.8321,299.73,75,96,0.83,overcast clouds
531,Kenai,US,2022-08-01 00:00:42,60.5544,-151.2583,292.05,79,49,3.26,scattered clouds
532,Popova,RU,2022-08-01 00:00:42,42.9603,131.7228,294.16,100,100,3.73,heavy intensity rain
533,Nuevo Progreso,MX,2022-08-01 00:00:43,23.1667,-97.95,304.01,61,13,5.41,few clouds
534,Kununurra,AU,2022-07-31 23:56:30,-15.7667,128.7333,293.14,45,94,0.0,overcast clouds
535,La Plata,AR,2022-08-01 00:00:01,-34.9215,-57.9545,285.83,78,20,2.07,few clouds
536,Costa Rica,BR,2022-08-01 00:00:43,-23.4167,-54.65,293.0,46,42,2.31,scattered clouds
537,Dublin,US,2022-08-01 00:00:00,37.7021,-121.9358,301.94,59,70,3.13,broken clouds
538,Etampes,FR,2022-08-01 00:00:44,48.4333,2.15,294.01,83,20,2.85,few clouds
539,Grand Gaube,MU,2022-07-31 23:58:41,-20.0064,57.6608,293.92,75,6,2.24,clear sky
540,Purpe,RU,2022-08-01 00:00:44,64.4803,76.6897,283.19,71,7,6.2,clear sky
541,Sorland,NO,2022-07-31 23:59:46,67.667,12.6934,285.07,86,98,4.33,overcast clouds
542,Necochea,AR,2022-07-31 23:56:01,-38.5473,-58.7368,283.7,79,70,3.26,broken clouds
543,Whitecourt,CA,2022-08-01 00:00:45,54.1502,-115.6855,294.28,72,90,3.98,overcast clouds
544,Xuchang,CN,2022-08-01 00:00:45,34.0167,113.8167,301.27,71,0,1.32,clear sky
545,Cedar City,US,2022-07-31 23:56:04,37.6775,-113.0619,291.69,77,100,5.14,overcast clouds
546,Palaikastron,GR,2022-08-01 00:00:45,35.2,26.25,298.83,65,0,7.31,clear sky
547,Cabra,ES,2022-08-01 00:00:46,37.4725,-4.4421,298.51,56,0,2.66,clear sky
548,Pandamatenga,BW,2022-08-01 00:00:46,-18.5278,25.627,287.19,33,39,2.72,scattered clouds
549,Catu,BR,2022-08-01 00:00:46,-12.3531,-38.3789,293.26,98,1,1.71,clear sky
550,Boo,SE,2022-08-01 00:00:47,59.3333,18.2833,290.8,86,30,2.06,scattered clouds
551,Whitehaven,GB,2022-08-01 00:00:47,54.549,-3.5841,286.85,90,68,0.57,broken clouds
552,Dubti,ET,2022-08-01 00:00:47,11.7361,41.0853,304.9,42,97,3.81,overcast clouds
553,Ahipara,NZ,2022-08-01 00:00:48,-35.1667,173.1667,287.7,57,12,3.47,few clouds
554,Uruzgan,AF,2022-08-01 00:00:48,32.8333,66.0,297.35,32,12,2.79,few clouds
555,Saint Peter,BB,2022-08-01 00:00:48,13.25,-59.6167,299.92,90,100,0.89,overcast clouds
556,Coquimbo,CL,2022-08-01 00:00:49,-29.9533,-71.3436,286.4,88,82,1.7,broken clouds
557,Nizhniy Kuranakh,RU,2022-08-01 00:00:49,58.8353,125.4869,295.2,69,100,1.83,overcast clouds
558,Punta Cardon,VE,2022-08-01 00:00:49,11.6581,-70.215,300.15,83,25,12.55,scattered clouds
559,Emerald,AU,2022-08-01 00:00:50,-23.5333,148.1667,289.45,80,83,4.26,broken clouds
560,Barinas,VE,2022-07-31 23:56:28,8.6226,-70.2075,295.17,100,92,2.06,overcast clouds
561,Nacala,MZ,2022-08-01 00:00:50,-14.5428,40.6728,293.04,89,2,2.5,clear sky
562,Kalmunai,LK,2022-08-01 00:00:17,7.4167,81.8167,298.95,85,100,2.37,overcast clouds
563,Kingman,US,2022-07-31 23:58:18,35.1894,-114.053,305.44,32,86,2.68,light rain
564,Birin,NP,2022-08-01 00:00:51,26.8865,88.0718,290.93,98,100,1.28,overcast clouds
565,Shubarkuduk,KZ,2022-08-01 00:00:51,49.1447,56.4872,295.07,50,94,2.08,overcast clouds
566,Tabuk,PH,2022-08-01 00:00:51,17.4189,121.4443,299.06,85,100,0.94,overcast clouds
567,Mogadishu,SO,2022-08-01 00:00:52,2.0371,45.3438,297.53,84,13,7.18,few clouds
568,Port Keats,AU,2022-08-01 00:00:52,-14.25,129.55,297.83,39,80,4.17,broken clouds
569,Sola,VU,2022-08-01 00:00:52,-13.8833,167.55,299.73,78,56,8.16,broken clouds
570,Lucea,JM,2022-08-01 00:00:53,18.451,-78.1736,301.54,78,20,5.87,few clouds
571,Zhangye,CN,2022-08-01 00:00:53,38.9342,100.4517,296.25,45,65,2.88,broken clouds
572,San Patricio,US,2022-08-01 00:00:53,28.017,-97.5169,307.14,56,59,7.1,broken clouds
573,Ucluelet,CA,2022-08-01 00:00:22,48.9329,-125.5528,290.42,85,14,1.79,few clouds
574,Bandarbeyla,SO,2022-08-01 00:00:54,9.4942,50.8122,297.53,80,58,12.39,broken clouds
575,San Marcos,US,2022-07-31 23:56:11,33.1434,-117.1661,307.53,61,20,2.68,few clouds
576,Nannilam,IN,2022-08-01 00:00:54,10.8793,79.6106,299.16,82,99,4.17,overcast clouds
577,San Francisco,US,2022-07-31 23:56:52,37.7749,-122.4194,299.68,79,65,9.83,broken clouds
578,Rabaul,PG,2022-08-01 00:00:55,-4.1967,152.1721,302.45,65,90,4.09,overcast clouds
579,Koslan,RU,2022-08-01 00:00:55,63.4564,48.8989,287.97,99,100,1.39,overcast clouds
580,Lokosovo,RU,2022-08-01 00:00:56,61.1333,74.8167,283.22,79,52,4.09,broken clouds
581,Klyuchi,RU,2022-08-01 00:00:56,52.2667,79.1667,290.47,87,90,2.38,light rain
582,Camana,PE,2022-08-01 00:00:56,-16.6228,-72.7111,288.57,82,59,2.46,broken clouds
583,Osa,RU,2022-08-01 00:00:57,57.2829,55.4567,287.62,92,84,1.41,broken clouds
584,Fundao,BR,2022-08-01 00:00:57,-19.9341,-40.4047,294.0,88,66,0.41,broken clouds
585,Souris,CA,2022-08-01 00:00:57,49.6172,-100.2612,294.12,71,94,3.68,overcast clouds
586,Banjar,ID,2022-08-01 00:00:58,-8.19,114.9675,298.74,68,61,0.78,broken clouds
587,Berlin,DE,2022-08-01 00:00:24,52.5244,13.4105,296.16,49,0,6.17,clear sky
588,Ust-Tsilma,RU,2022-08-01 00:00:58,65.441,52.1498,287.99,90,100,3.08,overcast clouds
589,Gumdag,TM,2022-08-01 00:00:58,39.2061,54.5906,302.76,42,46,0.63,scattered clouds
590,Kindu,CD,2022-08-01 00:00:59,-2.95,25.95,294.88,87,100,0.94,overcast clouds
591,Guadalajara,MX,2022-07-31 23:51:09,20.6667,-103.3333,296.7,65,99,1.36,overcast clouds
592,Sambava,MG,2022-08-01 00:00:59,-14.2667,50.1667,292.18,91,27,4.45,scattered clouds
593,Haines Junction,CA,2022-08-01 00:01:00,60.7522,-137.5108,291.34,54,95,2.81,overcast clouds
594,Erice,IT,2022-08-01 00:01:00,38.037,12.5865,295.41,71,0,3.13,clear sky
595,Svetlogorsk,BY,2022-08-01 00:01:00,52.6333,29.7333,288.57,80,96,3.47,overcast clouds
596,Katangli,RU,2022-08-01 00:01:01,51.7102,143.2326,288.99,72,37,5.1,scattered clouds
597,Bon Air,US,2022-07-31 23:57:34,37.5249,-77.5578,297.6,88,100,2.06,overcast clouds
598,Eldama Ravine,KE,2022-08-01 00:01:01,0.0516,35.7308,285.41,93,91,0.87,light rain
599,Hinche,HT,2022-08-01 00:01:02,19.15,-72.0167,299.21,83,52,2.68,broken clouds
600,Urengoy,RU,2022-08-01 00:01:02,65.9667,78.3667,282.04,71,0,6.28,clear sky
601,Mutsu,JP,2022-08-01 00:01:02,41.2894,141.2169,295.16,100,100,3.6,heavy intensity rain
602,Poum,NC,2022-08-01 00:01:03,-20.2333,164.0167,295.97,71,65,5.23,broken clouds
603,Olinda,BR,2022-08-01 00:01:03,-8.0089,-34.8553,297.53,83,72,5.04,broken clouds
604,Maceio,BR,2022-08-01 00:00:18,-9.6658,-35.7353,297.05,84,15,4.63,few clouds
605,Namatanai,PG,2022-08-01 00:01:04,-3.6667,152.4333,302.28,69,84,4.14,light rain
606,Cervo,ES,2022-08-01 00:01:04,43.6702,-7.4101,293.13,89,60,6.94,broken clouds
607,Acari,PE,2022-08-01 00:01:04,-15.4311,-74.6158,290.77,72,18,1.34,few clouds
608,Concepcion Del Uruguay,AR,2022-08-01 00:01:05,-32.4825,-58.2372,287.03,81,0,2.72,clear sky
609,Tezu,IN,2022-08-01 00:01:05,27.9167,96.1667,297.19,97,100,0.88,overcast clouds
610,Lavrentiya,RU,2022-08-01 00:01:05,65.5833,-171.0,282.49,68,55,1.93,broken clouds
611,Halifax,CA,2022-07-31 23:59:47,44.6453,-63.5724,299.09,68,1,2.06,clear sky
612,Honiara,SB,2022-07-31 23:58:04,-9.4333,159.95,304.19,61,13,4.94,few clouds
613,Pazaric,BA,2022-08-01 00:01:06,43.7886,18.1608,287.32,73,1,0.57,clear sky
614,Duluth,US,2022-07-31 23:58:09,46.7833,-92.1066,297.18,86,100,2.57,mist
615,Sokolo,ML,2022-08-01 00:01:06,14.7328,-6.1219,304.07,46,57,3.99,broken clouds
616,Susehri,TR,2022-08-01 00:01:07,40.1644,38.0867,290.31,74,0,1.88,clear sky
617,Antofagasta,CL,2022-08-01 00:01:07,-23.65,-70.4,287.25,86,59,2.51,broken clouds
618,Mahibadhoo,MV,2022-08-01 00:01:07,3.7833,72.9667,300.32,70,100,10.69,overcast clouds
619,Bodden Town,KY,2022-08-01 00:01:08,19.2833,-81.25,304.82,77,5,3.58,clear sky
620,Pokrovskoye,RU,2022-08-01 00:01:08,47.4157,38.8971,297.03,48,24,6.36,few clouds
621,Fengcheng,CN,2022-08-01 00:01:08,40.4536,124.0717,299.63,87,86,0.9,overcast clouds
622,Valle Del Guamuez,CO,2022-08-01 00:01:09,0.4525,-76.9192,295.01,97,51,0.83,broken clouds
623,Goderich,CA,2022-08-01 00:01:09,43.7501,-81.7165,300.88,68,6,1.19,clear sky
624,Copiapo,CL,2022-07-31 23:59:33,-27.3667,-70.3333,282.98,62,0,0.25,clear sky
625,Auriflama,BR,2022-08-01 00:01:10,-20.6856,-50.5547,294.6,35,3,1.95,clear sky
626,Taoudenni,ML,2022-08-01 00:01:10,22.6783,-3.9836,308.79,27,71,4.93,broken clouds
627,Mayskiy,RU,2022-08-01 00:01:10,47.6931,40.1025,296.82,58,2,6.05,clear sky
628,Sierra Vista,US,2022-08-01 00:01:11,31.5545,-110.3037,300.71,59,100,8.75,overcast clouds
629,Acaponeta,MX,2022-08-01 00:01:11,22.4964,-105.3594,301.45,73,100,1.77,overcast clouds
630,Lodja,CD,2022-08-01 00:01:11,-3.4833,23.4333,295.77,74,99,1.09,overcast clouds
631,Gloversville,US,2022-08-01 00:01:12,43.0528,-74.3438,296.77,80,0,1.54,clear sky
632,Sivaki,RU,2022-08-01 00:01:12,52.6333,126.75,296.31,68,76,2.75,broken clouds
633,Tilichiki,RU,2022-08-01 00:01:12,60.4667,166.1,286.4,63,78,2.65,broken clouds
634,Wanaka,NZ,2022-08-01 00:01:13,-44.7,169.15,278.89,73,37,2.51,scattered clouds
635,Walvis Bay,NA,2022-08-01 00:01:13,-22.9575,14.5053,285.98,91,1,4.03,clear sky
636,Japura,ID,2022-07-31 23:56:34,-0.3167,102.35,297.13,93,99,0.65,overcast clouds
637,Butembo,CD,2022-08-01 00:01:14,0.15,29.2833,286.97,98,97,0.91,light rain
638,George Town,MY,2022-07-31 23:56:44,5.4112,100.3354,300.31,87,40,4.12,thunderstorm
639,Beidao,CN,2022-08-01 00:01:14,34.5686,105.8933,297.98,70,93,4.19,overcast clouds
640,San Andres,CO,2022-08-01 00:01:14,12.5847,-81.7006,301.1,80,83,8.66,broken clouds
641,Atuntaqui,EC,2022-08-01 00:01:15,0.3333,-78.2167,287.27,92,74,1.03,light rain
642,Pishin,PK,2022-08-01 00:01:15,30.5803,66.9961,297.52,32,1,3.4,clear sky
643,Tateyama,JP,2022-08-01 00:01:15,34.9833,139.8667,304.32,76,73,3.73,broken clouds
644,Inhambane,MZ,2022-08-01 00:01:16,-23.865,35.3833,292.0,83,6,2.4,clear sky
645,Altus,US,2022-07-31 23:58:43,34.6381,-99.334,314.19,20,0,6.17,clear sky
646,Alghero,IT,2022-08-01 00:01:16,40.5589,8.3181,294.2,94,0,1.03,clear sky
647,Oksfjord,NO,2022-08-01 00:01:16,70.2396,22.3479,288.25,78,92,0.99,overcast clouds
648,Iglas,IN,2022-08-01 00:01:17,27.7167,77.9333,300.65,83,50,3.32,scattered clouds
649,Gazanjyk,TM,2022-08-01 00:01:17,39.2446,55.5154,302.38,44,36,0.5,light rain
650,Karoi,ZW,2022-08-01 00:01:17,-16.8099,29.6925,285.59,42,3,1.73,clear sky
651,Yeppoon,AU,2022-08-01 00:01:18,-23.1333,150.7333,290.03,77,99,3.44,overcast clouds
652,Megion,RU,2022-08-01 00:01:18,61.0296,76.1136,283.16,78,36,4.75,scattered clouds
653,Rock Sound,BS,2022-08-01 00:01:18,24.9,-76.2,301.5,79,48,8.09,scattered clouds
654,Aasiaat,GL,2022-08-01 00:01:19,68.7098,-52.8699,277.8,93,56,3.63,broken clouds
655,Ouahigouya,BF,2022-08-01 00:01:18,13.5828,-2.4216,296.74,81,100,9.77,moderate rain
656,Berdigestyakh,RU,2022-08-01 00:01:19,62.0989,126.6992,293.92,82,100,2.83,overcast clouds
657,Tynda,RU,2022-08-01 00:01:19,55.1667,124.7167,291.07,92,100,1.2,overcast clouds
658,Baherden,TM,2022-08-01 00:01:20,38.4362,57.4316,303.68,33,67,1.85,broken clouds
659,Zhezkazgan,KZ,2022-08-01 00:01:20,47.8043,67.7144,292.14,55,0,4.0,clear sky
660,San Julian,MX,2022-08-01 00:01:21,21.0167,-102.1667,293.52,57,96,2.81,overcast clouds
661,Rio Grande,BR,2022-08-01 00:01:21,-32.035,-52.0986,283.12,90,46,3.27,scattered clouds
662,Huilong,CN,2022-08-01 00:01:21,31.8111,121.655,302.55,81,3,4.89,clear sky
663,Broome,US,2022-08-01 00:01:22,42.2506,-75.833,296.79,73,100,0.71,overcast clouds
664,Heihe,CN,2022-08-01 00:01:12,50.2441,127.4902,294.47,82,100,1.76,overcast clouds
665,Marawi,PH,2022-08-01 00:01:22,7.9986,124.2928,296.76,78,97,0.46,overcast clouds
666,Mikuni,JP,2022-08-01 00:01:22,36.2171,136.1519,304.01,65,85,3.31,overcast clouds
667,Axim,GH,2022-08-01 00:01:23,4.8699,-2.2405,296.7,83,83,5.76,broken clouds
668,Hurricane,US,2022-07-31 23:58:28,37.1753,-113.2899,302.99,62,96,4.1,overcast clouds
669,Obo,CF,2022-08-01 00:01:23,5.3998,26.4869,292.21,95,97,1.65,overcast clouds
670,Boyolangu,ID,2022-08-01 00:01:24,-8.1181,111.8935,295.95,84,72,0.6,broken clouds
671,Partizanskoye,RU,2022-08-01 00:01:24,55.5006,94.39,290.5,90,26,2.3,light rain
672,Warrington,GB,2022-08-01 00:01:24,53.3925,-2.5802,286.21,83,0,3.09,clear sky
673,Valdivia,CL,2022-07-31 23:59:26,-39.8142,-73.2459,279.2,97,100,0.65,overcast clouds
674,Bastia,FR,2022-08-01 00:01:25,42.6667,9.3333,299.43,51,0,2.06,clear sky
675,Salvador,SV,2022-08-01 00:01:25,13.8333,-88.9167,296.43,90,63,1.12,broken clouds
676,Bom Jesus,BR,2022-08-01 00:00:59,-9.0744,-44.3586,298.84,50,67,1.43,broken clouds
677,Bichura,RU,2022-08-01 00:01:25,50.5881,107.6022,294.25,61,43,0.64,scattered clouds
678,Baruun-Urt,MN,2022-08-01 00:01:26,46.6806,113.2792,295.7,43,41,1.95,scattered clouds
679,Santa Rosa,PH,2022-08-01 00:01:26,14.3122,121.1114,301.54,90,100,0.15,overcast clouds
680,Xingyi,CN,2022-08-01 00:01:26,24.1877,102.817,290.08,94,100,0.77,light rain
681,Novo Aripuana,BR,2022-08-01 00:01:27,-5.1206,-60.3797,298.5,74,49,1.24,scattered clouds
682,Spassk,RU,2022-08-01 00:01:27,52.747,87.7545,288.74,94,97,1.17,overcast clouds
683,Olafsvik,IS,2022-08-01 00:01:28,64.8945,-23.7142,282.24,64,100,3.66,overcast clouds
684,Old Town,CZ,2022-08-01 00:01:28,50.087,14.4202,295.08,70,96,3.6,overcast clouds
685,Yatou,CN,2022-08-01 00:01:28,37.15,122.3833,298.96,95,87,5.64,overcast clouds
686,Maralal,KE,2022-08-01 00:01:29,1.0968,36.698,288.2,78,75,1.67,broken clouds
687,Pinhao,BR,2022-08-01 00:01:29,-25.6956,-51.6597,283.48,83,0,0.64,clear sky
688,Batticaloa,LK,2022-08-01 00:01:29,7.7102,81.6924,299.54,83,99,2.91,overcast clouds
